<?xml version="1.0" encoding="UTF-8"?>
<!DOCTYPE mapper
  PUBLIC "-//mybatis.org//DTD Mapper 3.0//EN"
  "https://mybatis.org/dtd/mybatis-3-mapper.dtd">
<mapper namespace="com.smhrd.db.CommentMapper">
	
	<!-- 코멘트 등록(사진까지 등록시) -->
	<insert id="CommentInsert" parameterType="CommentVO">
		insert into mem_comment (co_num, mem_id, co_text, co_img, re_code) values ('A'||MEM_COMMENT_SEQ.NEXTVAL, #{mem_id}, #{co_text}, #{co_img}, #{re_code})
	</insert>
	
	<!-- 코멘트 등록(텍스트만 등록) -->
	<insert id="CommentInsert2" parameterType="CommentVO">
		insert into mem_comment (co_num, mem_id, co_text, re_code) values ('A'||MEM_COMMENT_SEQ.NEXTVAL, #{mem_id}, #{co_text}, #{re_code})
	</insert>
	
	<!-- 레시피 별 코멘트 출력 -->
	<select id="CommentShow" parameterType="CommentVO" resultType="CommentVO">
		select * from mem_comment where re_code=#{re_code}
	</select>


	<!-- 멤버 별 코멘트 출력 -->
	<select id="CommentMember" parameterType="CommentVO" resultType="CommentVO">
		select * from mem_comment where mem_id=#{mem_id}
	</select>
	
	
	
	<!-- 코멘트 한 개 출력 -->	
	<select id="CommentDetail" parameterType="CommentVO" resultType="CommentVO">
		select * from mem_comment where mem_id=#{mem_id} and co_num=#{co_num}
		
	</select>
	
	<!-- 텍스트만 수정한 경우 -->
	<update id="CommentUpdate1" parameterType="CommentVO">
		update mem_comment set co_text=#{co_text} where co_num=#{co_num}
	</update>
	
	<!-- 텍스트+이미지 수정한 경우 -->
	<update id="CommentUpdate2" parameterType="CommentVO">
		update mem_comment set co_text=#{co_text}, co_img=#{co_img} where co_num=#{co_num}
	</update>
	
		<!-- 댓글 삭제 -->
		<delete id="CommentDelete" >
		delete from mem_comment where co_num=#{co_num}		
		</delete>
	

</mapper>